[
  {
    "Id": "1",
    "Type": "19 歲以下"
  },
  {
    "Id": "2",
    "Type": "20 - 29 歲"
  },
  {
    "Id": "3",
    "Type": "30 - 39 歲"
  },
  {
    "Id": "4",
    "Type": "40 - 49 歲"
  },
  {
    "Id": "5",
    "Type": "50 - 59 歲"
  },
  {
    "Id": "6",
    "Type": "60 - 69 歲"
  },
  {
    "Id": "7",
    "Type": "70 - 79 歲"
  },
  {
    "Id": "8",
    "Type": "80 - 89 歲"
  },
  {
    "Id": "9",
    "Type": "90 - 99 歲"
  },
  {
    "Id": "10",
    "Type": "100 歲以上"
  }
]
