[	
    {
        "kind": "00",
        "kind_name": "全部"
    },
    {
        "kind": "25",
        "kind_name": "人事"
    },
	{
        "kind": "01",
        "kind_name": "工務"
    },
	{
        "kind": "15",
        "kind_name": "文化"
    },
	{
        "kind": "33",
        "kind_name": "水利"
    },
	{
        "kind": "13",
        "kind_name": "主計"
    },
	{
        "kind": "05",
        "kind_name": "民政區政"
    },
	{
        "kind": "03",
        "kind_name": "交通"
    },
	{
        "kind": "23",
        "kind_name": "地政"
    },
	{
        "kind": "22",
        "kind_name": "兵役"
    },
	{
        "kind": "99",
        "kind_name": "其他"
    },
	{
        "kind": "21",
        "kind_name": "法制"
    },
	{
        "kind": "08",
        "kind_name": "社會"
    },
	{
        "kind": "27",
        "kind_name": "空大"
    },
	{
        "kind": "31",
        "kind_name": "客委"
    },
	{
        "kind": "26",
        "kind_name": "政風"
    },
	{
        "kind": "28",
        "kind_name": "研考"
    },
	{
        "kind": "29",
        "kind_name": "原委"
    },
	{
        "kind": "10",
        "kind_name": "消防"
    },
	{
        "kind": "16",
        "kind_name": "消保"
    },
	{
        "kind": "18",
        "kind_name": "海洋"
    },
	{
        "kind": "17",
        "kind_name": "秘書處"
    },
	{
        "kind": "06",
        "kind_name": "財政"
    },
	{
        "kind": "11",
        "kind_name": "捷運"
    },
	{
        "kind": "07",
        "kind_name": "教育"
    },
	{
        "kind": "19",
        "kind_name": "都發"
    },
	{
        "kind": "12",
        "kind_name": "勞工"
    },
	{
        "kind": "24",
        "kind_name": "新聞"
    },
	{
        "kind": "14",
        "kind_name": "經發"
    },
    {
        "kind": "32",
        "kind_name": "農業"
    },
    
	{
        "kind": "09",
        "kind_name": "衛生"
    },
	{
        "kind": "02",
        "kind_name": "環保"
    },
	{
        "kind": "04",
        "kind_name": "警政"
    },
	{
        "kind": "34",
        "kind_name": "觀光"
    }
]